{"input_size": 6, "hidden_size": 16, "output_size": 4, "weights": [-0.1952459752071111, -0.35263380176299053, 0.9956194634273804, -0.3190774355431932, -0.279997767209713, -0.6135264861870546, -0.602660271763739, 0.18269794717651844, -0.03629532785538141, 0.1934215214608653, -0.7001930064013495, 1.2050752305193126, -0.24290401053824576, 1.0242959230117832, -1.0970691319282053, 0.7929286348236889, 0.3755348926859445, -1.239776280023736, -0.13664434342516005, -0.3093164131420245, -1.3388590708028698, -0.06908474067298014, -1.0744010955752126, -0.3374789272199892, 0.40367122287174795, 0.4377296112295005, -1.2319531803817285, -0.7860120174765055, -0.6914824584455735, 2.370958139498442, 0.4155806626707878, -0.3665363474756791, -0.5578592573800244, -0.8283503405729747, -1.5995056710715863, 1.3898439286235127, 0.21859207112346946, -1.1673324941260568, 0.8897911102493213, -0.5503859229296375, 2.197044486231835, -1.0858807612369599, -0.9144163509853024, -0.3512131287872653, -1.0169247492190105, -0.5279218405966324, 0.5031637913236621, -0.6272161849872642, 0.16982905796105802, 0.31994450692817206, 1.522313506115197, -0.5567414545017793, 0.4878125703696121, 1.5546072847482244, 1.875951707808021, 1.2075265352059208, -1.0782847633077226, -2.7027139475097948, -0.03458120610398957, 0.08333102956884147, -0.7055664816115349, -1.1969244049800176, 1.313925374852636, 1.0318753246364525, -0.5862516925866232, -0.5829796414199235, 0.817234698601695, -1.0128689014878425, -0.6596764214762907, -0.8614955343661893, 0.04344583742110124, 0.6155181791324584, -0.5242989018222242, 1.0518580905557564, -2.432726211718037, -0.5503501138687353, -0.7710125521355188, 0.14589592825383652, -0.022808013016023143, 0.7537853907230786, -1.2020772688976376, -0.6954856839933043, -0.08693696378917334, -1.2204094584257708, 0.7105403912939372, 0.2890526112140711, 0.7635266521421127, 1.5296557961996538, 2.3635342103624675, 0.35824287968662044, -0.6245408190114936, 0.7497332735610489, -0.09470160172613529, 1.5849547574629677, -0.26488422156049185, 0.13539433820870128, 0.2775292428356871, -0.039295396664985605, 0.250458434296658, 0.240969382477229, 0.10638456227133171, -0.15212375332942685, -0.06582777533843376, 0.1913646477637849, -0.07204189512676394, 0.07304012642689584, 0.16667793888537802, 0.1743892684262285, 0.02168612005355124, -0.22202234246597569, 0.08934034594468868, 0.17635035460504558, -0.33236073985161485, -0.3812762698731331, -1.033591783438692, 0.14681881488852927, -0.4964737394230253, 0.2115993131461929, -0.0042823469302063, 0.3177764949627917, 1.8353573197723183, 1.0041504245399515, -1.0274584981598713, -0.17759246215327815, 1.8013954752959653, -1.3724779056893224, 1.4682302778187062, -0.9408895414611916, -0.8092712331570283, -2.2715513220356334, 0.7584483608995314, -0.8803142532022546, 0.8078581928248388, 0.10361853371853136, -1.0195410137566125, 1.4312599257412897, -0.7465511225155271, -0.9905437093028004, 1.7640791195817624, 0.2741288332024171, -1.602918824782831, 0.846215011419944, -1.7864521340068023, -0.3819130369294073, -0.02807556242999934, -0.30374313955904825, -0.6384802601442037, -0.14444052404926802, 0.5674481368240267, 0.3320074706083463, 0.5724830432694623, -0.0322896705059314, 0.2317927032981758, -0.08932100655695754, -0.588944552392893, 0.12220330756301484, 0.9023719528440475, -0.8248489128780583, -0.32659162484699955, -0.9651067561754284, -0.07729244735731242, -0.19316808188709989, -0.4679326397356112, 0.35599554657794724, 1.2584068589708983, 1.3686211849586292, 2.4316133002122093, 0.9823859892364347, -0.7724567888675447, 1.5552640906127069, 0.5902256947353671, 0.2078147472208431, 0.9728333077938035, -2.5513788334869436, 0.5472718348839877, 0.24927424004309334, 0.36670875019704563, -0.03387611055063226, 0.07024423332104554, -0.013548646635757958]}