{"input_size": 6, "hidden_size": 16, "output_size": 4, "weights": [0.9577675134246648, 0.322082347197391, -1.1207066681517615, -2.199136341766316, 0.43131949954555676, 0.16760682340656022, 0.7077447386074642, -0.6669793132177332, 1.1400537292726851, 0.2082339897275989, 1.2554309998782995, 0.4583272136959408, -2.6678002051975716, 1.3268308273489093, -0.7460285409015833, 0.2308290323224122, 1.8021359666401302, -1.1183223115536838, -1.0523589233047577, 0.9609762594391483, -0.16051056813012513, -0.4879045498166131, 0.48458446945181877, 1.4650718860058283, -1.0109755700932916, 1.3153837643945878, 1.721320815672721, 1.2100988707653144, 0.7179806244342093, 0.27910871779579727, 0.6943717968057155, -1.0742266818784394, 0.44295412357283387, -1.5195155027720813, -0.9002056075654699, -0.9462800022923824, -0.9043490196320191, 0.5481456536215997, 0.7741484599645438, 0.14301538605104747, -2.734277389449298, -0.6965043406254582, 0.7305701792416424, -1.467061087309612, -1.0544411276181305, 1.8628712638354592, -1.1711638446086614, 0.07272964772858766, -0.7488786396789172, -0.8191000276384959, -0.18640381321975458, -0.7991980391616401, 1.2246046747186612, 0.5731514099850777, 0.5371124420798523, 1.336748670600098, -0.27812713506616865, -2.2065621518949654, -0.22065092232964334, -0.08277514571679224, 1.2427693648984737, 0.8021558982584851, -0.8645734132535889, -0.5627079806931409, -0.59526140751238, -0.2586829916894427, 1.122735279982262, -0.016244896544887616, -0.24139012087603667, 0.5948077394604998, -1.0195365859730994, 1.2253818140623083, -0.8673066040975782, -0.12086509816105405, 0.18919262245038615, -0.31418032317275774, 0.8476059121632638, 0.03826457278975221, -0.4463275676853596, -1.350206588741374, 0.28074771524446884, -0.823793028876857, -0.7764254457590184, -0.24242550490141074, -1.3113323078802677, 1.6163575475278575, -1.5985399367525743, 1.0069181045480164, -0.9938374503947381, -1.5700520578794697, 0.4663653019572658, -0.9581129747028301, 0.22813770701009273, 1.0603732330193993, 0.23255623117084653, -1.8639189861903604, 0.0, 0.0, 0.0, 0.0, 0.0, 0.0, 0.0, 0.0, 0.0, 0.0, 0.0, 0.0, 0.0, 0.0, 0.0, 0.0, -1.3251157674583254, -0.050116257752855047, -0.945505575538796, -1.0947893323091418, -0.1123607920396739, -0.9101373583900512, -0.12652879681089726, 1.5443234289579209, -0.15968437145221928, -0.550940265149548, 0.756158528836905, 0.7192978709886155, 1.1433351772988882, -1.5049722549714146, -0.9241306120298306, 1.7254809928379526, -0.9129840584783272, -0.2773361959124021, 1.1388720690529048, 1.4492290594153296, 0.646821668366595, 1.3254585118658313, -1.370387671447066, 0.7309991299802597, 0.8983423306901738, -0.059696207657344826, 0.6188238221632053, -0.8770216623322049, -2.070665647452426, -1.033365389430002, 1.2421709976495163, -0.45047869354028464, -0.756229802460661, -0.09321422381408681, 0.4276492716367657, -0.0029110578830062336, 0.15146228064932574, 0.8164560139061169, 1.736240577474088, -1.354889167486087, -0.33948580698717384, 0.001382989288964646, 0.23647480653337236, 0.748689031659977, 1.9809087440558104, 1.0208983164147118, 0.9005283862660836, -1.2955619034499333, 0.18676708635239703, 2.144524141153635, -0.23289367537118472, 0.710962035083905, 1.7378073272833987, 0.7677097372244516, -0.4400294385919077, -1.2086029295380976, 0.9118233555691332, 1.541935955157293, -0.050867973453142645, -1.1513259533145628, 0.35085749668284705, 1.163371699448172, 0.7643123597600235, -1.7463799399827844, 0.0, 0.0, 0.0, 0.0]}